Latitude, Longitude
-868.508;-6.677.755
-897.228;-6.704.341
-693.478;-5.907.656
-693.342;-5.906.728
-684.438;-5.896.655
-684.298;-5.895.719
-68.373;-5.897.343
-683.593;-5.896.407
-683.456;-5.895.471
-681.718;-5.889.973
-675.064;-5.907.873
-674.927;-590.694
-665.778;-5.876.592
-658.297;-5.862.597
-340.658;-5.973.004
-356.229;-5.940.647
-352.419;-5.940.238
-34.157;-5.916.898
-341.426;-5.915.923
-300.929;-5.940.843
-297.558;-5.839.405
-291.156;-585.201
-289.097;-5.923.409
-283.074;-5.921.282
-282.853;-5.936.873
-281.929;-5.937.011
-427.887;-6.002.234
-427.755;-6.001.331
-427.093;-5.996.812
-426.993;-6.002.366
-426.861;-6.001.464
-411.342;-5.990.182
-396.722;-5.977.981
-391.634;-5.987.814
-391.501;-59.869
-38.882;-5.968.511
-386.015;-597.459
-385.879;-5.973.668
-385.112;-5.974.724
-384.976;-5.973.801
-419.777;-5.927.892
-394.761;-5.915.208
-394.617;-5.914.241
-375.058;-5.857.458
-374.598;-5.933.764
-374.458;-5.932.808
-372.979;-5.929.116
-372.839;-5.928.157
-372.171;-5.893.779
-364.584;-5.954.284
-744.525;-6.041.697
-736.479;-5.980.287
-705.938;-5.992.761
-704.389;-5.962.194
-704.257;-5.961.295
-681.904;-5.979.352
-675.802;-6.012.658
-669.966;-6.011.471
-669.837;-6.010.584
-668.951;-6.010.715
-663.742;-6.006.046
-663.612;-6.005.157
-663.482;-6.004.268
-65.647;-600.042
-653.427;-6.043.204
-715.669;-5.933.139
-713.826;-5.945.473
-712.713;-5.931.721
-70.522;-5.930.625
-705.086;-5.929.713
-703.512;-5.943.887
-703.379;-5.942.982
-701.188;-5.940.528
-701.053;-5.939.622
-700.649;-5.936.896
-700.428;-5.941.571
-700.293;-5.940.664
-700.158;-5.939.756
-700.024;-5.938.848
-699.889;-5.937.939
-694.162;-594.965
-694.028;-5.948.746
-690.737;-5.945.184
-689.975;-5.946.225
-689.843;-594.532
-677.594;-5.937.596
-67.746;-5.936.685
-676.698;-5.937.733
-676.563;-5.936.821
-67.054;-5.908.558
-670.401;-5.907.623
-669.424;-5.913.477
-347.692;-6.039.732
-284.997;-6.091.006
-284.869;-6.090.124
-623.779;-6.195.804
-585.304;-6.126.719
-584.584;-614.702
-581.626;-613.275
-581.615;-6.126.346
-575.607;-6.155.437
-574.711;-6.155.567
-574.582;-6.154.661
-795.727;-6.154.813
-795.595;-6.153.876
-791.922;-6.127.857
-791.792;-6.126.936
-79.113;-6.128.549
-790.997;-6.127.628
-780.686;-6.120.422
-780.554;-6.119.507
-771.818;-6.109.623
-821.494;-6.121.662
-813.872;-6.152.861
-810.442;-6.122.044
-80.221;-6.180.993
-504.789;-6.252.525
-50.465;-6.251.567
-378.437;-6.239.245
-378.304;-6.238.319
-633.404;-6.269.616
-627.855;-6.264.265
-626.559;-6.248.254
-625.491;-6.247.406
-761.774;-6.345.347
-697.163;-6.291.896
-0.76963;-629.066
-733.579;-6.466.608
-234.655;-6.644.758
-237.788;-6.666.827
-257.963;-6.707.043
-258.026;-6.706.664
-260.978;-6.689.896
-261.214;-6.689.118
-267.001;-6.680.279
-688.406;-6.633.554
-688.439;-6.632.794
-253.632;-6.552.115
-256.818;-6.574.002
-268.775;-6.489.165
-302.828;-6.493.331
-302.986;-6.493.799
-305.307;-6.522.365
-30.568;-6.522.788
-305.714;-6.525.316
-306.865;-6.489.217
-349.778;-6.501.883
-349.973;-6.504.099
-350.198;-6.504.765
-931.885;-6.552.883
-344.131;-6.440.555
-621.208;-6.273.364
-621.494;-6.275.491
-808.139;-6.129.094
-815.585;-6.121.575
-81.614;-6.120.235
-816.378;-6.121.967
-831.414;-6.156.025
-831.642;-6.155.294
-831.883;-6.157.159
-833.131;-6.156.989
-727.105;-6.117.072
-574.418;-6.139.819
-57.464;-614.145
-70.532;-592.621
-530.692;-6.014.946
-540.873;-6.006.284
-64.328;-6.007.985
-644.353;-6.007.839
-644.542;-6.009.174
-644.747;-6.007.106
-644.927;-6.008.449
-220.359;-5.884.446
-276.254;-5.837.502
-296.148;-5.911.824
-310.798;-5.859.269
-313.372;-5.852.263
-340.945;-5.953.086
-35.762;-5.859.896
-369.752;-5.833.531
-374.289;-5.788.796
-374.961;-5.780.468
-375.093;-5.781.395
-38.952;-5.824.956
-389.657;-582.592
-326.423;-5.808.275
-326.558;-5.809.212
-611.283;-6.253.393
-845.783;-6.405.867
-830.575;-6.402.676
-829.663;-6.402.816
-815.989;-6.386.056
-474.827;-6.367.317
-473.863;-6.367.461
-732.932;-6.466.201
-732.136;-6.466.895
-732.002;-6.465.978
-731.103;-6.466.115
-679.178;-6.433.356
-679.039;-6.432.412
-678.266;-6.433.495
-678.127;-6.432.552
-926.408;-6.552.858
-926.279;-6.551.966
-924.415;-65.641
-912.365;-6.557.429
-825.819;-6.408.232
-825.677;-6.407.288
-319.894;-6.790.677
-310.887;-67.982
-292.169;-6.783.412
-290.379;-686.647
-282.764;-6.776.153
170.215;-694.017
-17.657;-6.890.279
-320.495;-6.924.328
-320.347;-6.923.277
0.31643;-6.997.574
-724.401;-7.270.996
-321.865;-6.487.589
-321.722;-648.663
-308.447;-6.489.826
-302.007;-651.566
-294.586;-6.521.178
-25.169;-6.537.306
-692.391;-6.629.857
-692.263;-6.628.967
-913.867;-6.606.302
-912.976;-6.606.435
-912.214;-6.607.468
-912.085;-6.606.564
-911.538;-6.590.096
-911.409;-6.589.197
-905.828;-6.724.751
-905.689;-6.723.776
-876.583;-6.674.739
-876.451;-6.673.805
-875.546;-6.673.937
-8.719;-6.693.232
-871.766;-6.692.289
-871.499;-6.690.406
-871.365;-6.689.462
-870.589;-6.690.537
-870.456;-6.689.594
-868.392;-6.694.707
-867.481;-6.694.839
-866.549;-6.694.659
-862.525;-6.666.637
-859.639;-6.652.958
-859.508;-6.652.042
-852.509;-6.712.782
-851.861;-6.714.827
-851.727;-671.387
-851.593;-6.712.914
-851.567;-666.693
-850.848;-6.713.669
-850.711;-6.712.713
-845.487;-6.715.421
-844.894;-6.698.061
-946.321;-6.711.815
-931.805;-6.726.122
-931.666;-6.725.135
-258.871;-6.719.766
-251.902;-6.734.902
-504.114;-6.718.461
-503.985;-6.717.557
-478.805;-6.691.057
-478.676;-6.690.166
-477.545;-6.694.881
-423.968;-6.694.579
-876.943;-6.774.149
-876.797;-6.773.121
-813.834;-6.732.251
-948.869;-674.381
-945.715;-6.753.202
-937.964;-6.763.177
-90.248;-6.786.547
-914.002;-6.832.687
-913.956;-6.833.247
-952.673;-6.750.504
-952.531;-6.749.488
-951.731;-6.750.637
-95.159;-6.749.621
-72.967;-646.589
-375.319;-5.748.312
-629.115;-5.994.855
-792.594;-6.164.471
-824.586;-6.140.085
-823.767;-6.133.749
-823.701;-6.140.715
-729.223;-6.466.711
-952.186;-6.742.856
-689.112;-5.904.996
-689.343;-5.904.424
-686.049;-5.945.202
-732.345;-6.066.306
-613.556;-6.174.979
-776.899;-6.157.267
-76.853;-6.089.916
-821.975;-6.137.757
-821.795;-6.136.592
-415.494;-630.933
-647.509;-6.289.233
-631.925;-6.276.386
-635.296;-6.270.089
-575.535;-6.318.912
-570.297;-6.315.683
-750.644;-6.348.843
-749.944;-6.356.527
-743.118;-6.298.612
-700.314;-6.272.332
-718.348;-6.312.194
-68.659;-6.290.952
-834.153;-640.208
-341.718;-6.453.379
-365.997;-642.448
-598.703;-6.483.019
-783.517;-6.516.825
-767.739;-6.497.642
-740.747;-6.457.533
-748.715;-6.398.446
-730.108;-6.466.031
-783.646;-6.517.719
-758.412;-6.464.565
-740.617;-6.456.645
-730.238;-6.466.918
-931.174;-6.537.488
-931.043;-6.536.574
-929.884;-6.534.879
-920.695;-6.554.711
-915.273;-6.555.132
-793.663;-652.289
-875.341;-6.419.032
-874.454;-6.419.165
-842.311;-6.407.609
-919.025;-6.555.899
-930.911;-6.535.659
-929.753;-6.533.965
-918.894;-6.554.977
-918.124;-6.556.032
-939.871;-6.553.506
-938.949;-6.547.041
-938.575;-6.550.864
-938.068;-6.553.772
-937.937;-6.552.847
-938.818;-6.546.117
-938.443;-6.549.938
-93.805;-6.547.173
-294.578;-6.777.788
-283.644;-677.061
-758.378;-6.993.973
-757.171;-6.991.428
-757.009;-6.992.545
-7.568;-6.990.966
-736.254;-7.103.779
-736.234;-7.104.278
-7.226;-7.149.338
-664.629;-6.994.408
-744.477;-7.274.173
-744.135;-7.271.565
-743.025;-7.274.367
-738.588;-7.251.443
-738.289;-7.251.944
-729.269;-7.274.732
-728.044;-7.274.156
-722.973;-7.233.916
-72.267;-7.231.522
-722.136;-7.232.302
-712.387;-718.001
-723.623;-7.311.576
-723.521;-7.311.152
-0.38767;-6.501.032
-340.458;-6.457.291
-32.717;-6.479.907
-318.467;-6.490.109
-347.439;-6.467.391
-347.307;-6.466.486
-325.613;-6.475.528
-349.468;-6.462.463
-340.629;-6.471.818
-30.563;-6.516.019
-772.826;-6.695.079
-745.378;-6.546.494
-937.963;-658.491
-937.827;-6.649.131
-932.143;-6.663.355
-932.004;-6.662.341
-931.591;-6.662.944
-933.087;-6.663.225
-931.447;-6.661.932
-917.946;-6.731.902
-916.967;-6.732.043
-899.578;-6.703.786
-890.462;-6.673.354
-889.518;-6.673.486
-889.378;-6.672.472
-882.848;-6.678.224
-875.152;-6.661.314
-867.661;-6.680.569
-865.401;-6.651.202
-854.607;-6.704.704
-849.226;-6.715.121
-90.126;-6.585.965
-901.126;-6.585.026
-924.287;-6.586.588
-923.377;-6.586.721
-89.032;-6.672.335
-881.903;-6.678.361
-87.623;-666.218
-875.294;-6.662.314
-866.817;-6.661.125
-932.499;-6.585.703
-908.661;-6.599.763
-962.119;-6.680.359
-961.976;-6.679.309
-955.165;-6.661.958
-950.914;-6.711.404
-943.579;-6.665.218
-94.343;-6.724.273
-961.728;-6.681.081
-961.581;-6.680.035
-959.914;-665.023
-943.279;-6.723.174
-269.175;-6.722.318
-265.496;-6.703.078
-768.845;-6.704.485
-7.687;-6.703.463
-935.309;-6.769.383
-948.419;-6.753.356
-940.685;-6.756.179
-930.758;-6.751.224
-925.486;-6.749.651
-922.181;-6.777.762
-91.926;-6.778.817
-910.431;-675.183
-910.277;-67.507
-905.188;-6.750.829
-905.031;-6.749.702
-903.835;-6.755.632
-89.902;-6.742.573
-898.868;-6.741.459
-89.318;-6.760.112
-892.221;-6.738.541
-891.611;-6.734.145
-877.402;-6.771.689
-877.085;-6.769.389
-853.233;-6.758.967
-92.536;-6.749.072
-92.234;-6.778.943
-909.748;-6.754.233
-90.944;-6.751.966
-90.582;-6.755.351
-90.249;-6.738.683
-902.353;-67.746
-900.309;-6.744.662
-900.217;-6.781.516
-900.071;-6.735.653
-900.003;-674.243
-893.336;-6.761.253
-892.588;-6.734.007
-892.374;-6.739.644
-884.157;-6.739.127
-883.177;-6.739.262
-876.245;-6.770.679
-876.088;-6.769.531
-92.242;-6.816.703
-917.227;-6.817.414
-896.143;-6.873.823
-892.752;-6.876.336
-892.569;-6.874.981
-882.019;-6.856.567
-873.424;-6.869.209
-796.142;-6.833.963
-952.339;-674.399
-952.124;-6.743.524
-428.026;-5.970.213
-687.599;-590.535
-687.978;-5.906.013
-373.027;-5.827.564
-281.998;-5.730.369
-670.646;-5.912.476
-288.668;-5.741.023
-671.062;-5.915.539
-671.801;-591.163
-672.193;-5.914.665
-697.591;-594.564
-717.033;-5.955.498
-742.182;-7.273.318
-742.029;-7.272.317
-741.718;-7.281.192
-740.933;-7.282.325
-740.786;-7.281.335
-737.614;-7.291.914
-737.465;-7.290.932
-736.971;-7.268.632
-736.637;-7.272.791
-736.272;-728.304
-735.576;-7.265.751
-735.424;-726.474
-714.355;-7.308.259
-701.296;-7.161.638
-70.029;-7.161.796
-935.102;-677.076
-933.795;-6.770.979
-928.842;-6.811.616
-928.382;-678.515
-928.044;-6.783.105
-866.465;-6.661.147
-865.021;-6.661.387
-744.989;-7.272.884
-743.244;-7.280.286
-743.117;-7.273.172
-742.355;-7.268.163
-0.7303;-6.290.325
-233.818;-66.558
-233.835;-665.675
-267.093;-6.677.991
-271.931;-6.531.564
-272.042;-6.530.991
-341.386;-6.920.038
-352.067;-6.936.674
-365.142;-6.403.592
-73.561;-7.274.126
-736.337;-7.293.244
-736.484;-7.294.303
-776.861;-669.563
-849.315;-6.713.436
-884.088;-6.725.585
-901.578;-6.767.341
-924.459;-6.662.331
-930.924;-6.553.559
-524.695;-6.074.953
-342.297;-5.693.988
-342.131;-5.693.338
-318.804;-5.801.624
-239.652;-5.715.114
-238.549;-5.788.728
-232.603;-569.853
-232.575;-5.697.844
-228.598;-5.694.645
-689.963;-5.902.774
-679.359;-5.866.421
-678.457;-5.864.821
-661.857;-5.850.918
-653.091;-5.889.539
-652.749;-5.841.269
-651.693;-5.843.692
-651.388;-5.841.432
-315.865;-5.957.923
-299.197;-5.846.799
-26.767;-5.960.054
-267.343;-5.957.661
-266.808;-595.843
-427.244;-5.971.353
-425.442;-5.968.944
-420.559;-6.000.127
-420.551;-6.000.819
-396.242;-5.933.828
-39.165;-5.880.712
-587.608;-599.936
-587.369;-5.998.676
-507.556;-602.431
-507.183;-6.023.928
-50.714;-6.021.343
-726.615;-597.382
-713.858;-6.004.346
-713.436;-5.930.029
-713.434;-5.930.477
-701.547;-5.943.932
-669.661;-590.922
-344.392;-6.042.406
-524.944;-6.072.343
-369.677;-6.061.323
-344.128;-6.041.967
-411.116;-6.077.754
-569.928;-7.296.651
-350.892;-5.753.254
-327.438;-5.824.239
-266.592;-5.750.674
-26.643;-5.749.596
-266.106;-5.754.046
-262.778;-575.411
-26.262;-5.753.034
-374.807;-5.825.954
-373.884;-5.826.091
-390.105;-5.874.139
-694.803;-5.945.778
-792.608;-6.127.764
-851.282;-6.204.549
-850.295;-6.204.688
-804.894;-6.180.783
-739.914;-6.465.079
-739.694;-6.463.451
-700.261;-7.161.726
-728.572;-7.187.263
-739.454;-7.250.103
-742.719;-7.258.331
-900.063;-6.735.707
-900.207;-6.736.668
-900.351;-6.737.625
-901.582;-6.752.019
-902.753;-6.741.162
-904.105;-6.850.351
-919.178;-675.866
-927.891;-6.761.158
-897.377;-6.705.331
-322.885;-6.518.439
-278.605;-6.459.154
-936.511;-6.588.377
-93.635;-6.589.482
-93.615;-6.587.922
-935.355;-6.588.528
-884.533;-6.665.359
-879.192;-6.675.851
-87.291;-6.665.782
-872.684;-6.664.017
-872.563;-6.666.353
-872.325;-6.664.586
-871.615;-6.659.332
-871.379;-6.657.588
-870.404;-6.659.493
-870.171;-6.657.754
-867.765;-6.689.732
-85.791;-6.681.767
-851.471;-6.714.076
-85.021;-6.714.249
-953.451;-6.664.842
-941.831;-6.674.411
-941.373;-6.712.009
-941.113;-6.710.031
-940.092;-6.712.164
-939.838;-6.710.215
-847.682;-672.442
-34.182;-5.798.988
-381.892;-5.788.532
-648.268;-5.841.564
-644.481;-5.843.837
-677.523;-5.899.677
-670.356;-590.652
-654.615;-5.898.711
-649.417;-5.842.517
-649.249;-584.142
-347.183;-5.966.166
-340.633;-5.958.385
-298.078;-5.910.846
-2.822;-5.921.215
-352.813;-5.948.969
-34.742;-5.954.579
-340.519;-5.990.449
-340.372;-5.989.457
-334.551;-5.969.759
-460.678;-5.959.308
-457.257;-5.993.975
-451.523;-5.992.524
-45.031;-599.072
-449.386;-5.990.862
-447.098;-5.988.224
-425.349;-6.002.206
-422.552;-5.989.728
-421.225;-599.986
-416.705;-6.000.196
-451.667;-5.993.492
-426.271;-6.002.068
-424.408;-5.989.452
-424.263;-5.988.472
-423.625;-5.990.567
-42.348;-5.989.591
-423.335;-598.861
-422.697;-5.990.705
-422.293;-6.000.689
-422.149;-5.999.722
-42.137;-6.000.827
-417.629;-6.000.057
-417.487;-5.999.089
-393.423;-5.918.182
-393.263;-5.917.112
-386.657;-5.879.906
-373.949;-5.904.659
-393.753;-5.913.755
-386.828;-5.881.034
-38.065;-5.969.056
-380.499;-5.968.049
-358.444;-5.980.435
-60.556;-6.010.884
-545.958;-6.019.722
-517.251;-6.024.875
-516.417;-6.025.663
-516.281;-6.024.732
-510.321;-598.397
-505.942;-6.023.028
-505.171;-6.024.097
-516.417;-6.006.792
-505.034;-6.023.164
-738.164;-6.028.239
-718.425;-6.000.039
-716.217;-598.521
-716.148;-597.853
-716.077;-5.984.277
-716.008;-5.977.594
-710.744;-6.004.684
-708.693;-5.978.402
-708.276;-5.963.014
-707.785;-5.978.546
-701.795;-5.957.207
-701.651;-5.956.252
-695.161;-6.005.423
-688.586;-59.798
-688.024;-5.976.035
-687.816;-5.980.873
-687.676;-5.979.937
-678.817;-6.007.236
-678.682;-6.006.312
-678.546;-6.005.388
-67.778;-6.006.448
-677.644;-6.005.527
-675.075;-6.006.862
-674.937;-6.005.935
-6.748;-6.005.011
-674.173;-6.006.997
-674.036;-6.006.073
-673.899;-600.515
-67.327;-6.007.131
-673.134;-6.006.211
-662.681;-5.978.786
-661.034;-6.005.471
-657.641;-6.001.253
-657.504;-6.000.326
-652.074;-6.001.143
-651.935;-6.000.213
-651.472;-600.275
-651.336;-6.001.825
-6.512;-6.000.891
-651.063;-5.999.959
-649.168;-6.005.936
-648.264;-600.607
-646.731;-6.008.196
-710.069;-5.931.577
-677.927;-5.915.095
-677.142;-5.916.241
-67.699;-591.524
-676.099;-5.932.206
-676.057;-5.919.044
-675.953;-5.931.225
-675.316;-5.933.328
-67.517;-5.932.348
-675.023;-5.931.365
-674.387;-5.933.471
-67.424;-5.932.487
-674.093;-5.931.501
-673.458;-5.933.609
-673.311;-5.932.626
-673.164;-5.931.646
-672.531;-5.933.755
-672.383;-5.932.774
-671.602;-5.933.894
-671.453;-5.932.911
-671.008;-5.929.956
-670.226;-5.931.081
-670.078;-5.930.099
-669.445;-5.932.202
-669.296;-5.931.223
-669.147;-5.930.239
-668.676;-5.931.984
-66.853;-5.930.999
-713.224;-5.940.052
-712.646;-5.936.169
-712.246;-5.946.127
-70.161;-5.943.466
-701.173;-5.940.553
-700.834;-5.944.574
-700.688;-5.943.605
-700.543;-5.942.635
-700.396;-5.941.665
-700.251;-5.940.696
-700.104;-5.939.724
-700.059;-5.945.679
-699.913;-5.944.712
-699.766;-5.943.744
-699.665;-5.936.808
-699.621;-5.942.778
-699.328;-5.940.839
-699.181;-5.939.866
-698.845;-5.943.886
-698.699;-5.942.919
-698.552;-5.941.948
-698.405;-5.940.978
-698.258;-5.940.008
-697.838;-594.164
-697.695;-594.067
-218.937;-600.901
-136.091;-6.022.641
-346.203;-6.022.532
-342.871;-6.062.189
-342.598;-6.060.331
-333.557;-6.074.625
-327.581;-6.128.638
-322.444;-6.118.401
-3.064;-6.103.535
-305.003;-6.106.524
-30.314;-6.118.797
-262.754;-6.063.388
-262.617;-6.062.447
-248.091;-5.982.572
-348.625;-6.001.686
-344.563;-6.004.954
-508.562;-6.047.232
-469.459;-6.083.134
-469.328;-608.223
-469.196;-6.081.327
-468.434;-6.082.363
-468.302;-6.081.459
-466.482;-6.075.257
-419.576;-6.069.441
-411.545;-608.432
-411.413;-6.083.412
-396.823;-6.040.006
-391.965;-6.139.363
-390.948;-6.138.607
-382.194;-6.136.024
-380.398;-6.047.499
-377.812;-6.118.456
-373.376;-6.119.679
-36.467;-6.109.967
-364.469;-6.096.168
-364.336;-6.095.263
-36.391;-6.110.999
-363.777;-6.110.099
-361.473;-6.088.261
-361.338;-608.735
-624.461;-6.203.442
-623.269;-616.943
-62.241;-6.195.541
-622.281;-619.465
-592.537;-6.168.273
-58.036;-6.172.446
-573.374;-6.155.424
-561.322;-6.105.426
-552.437;-6.038.585
-540.497;-604.469
-540.362;-6.043.775
-531.462;-6.058.816
-527.554;-6.057.178
-522.473;-6.073.423
-522.341;-607.252
-522.209;-6.071.616
-796.011;-6.133.154
-795.882;-6.132.264
-795.753;-6.131.374
-79.535;-6.122.353
-795.222;-6.121.464
-795.093;-6.120.576
-789.656;-6.128.384
-784.117;-6.140.106
-783.989;-6.139.216
-783.603;-6.136.546
-783.475;-6.135.657
-781.961;-6.151.013
-781.282;-6.133.836
-77.678;-6.159.073
-775.646;-6.158.975
-775.517;-6.158.082
-773.837;-6.146.489
-773.708;-6.145.598
-768.732;-6.129.991
-768.603;-6.129.103
-766.357;-6.094.996
-761.077;-6.121.724
-760.948;-6.120.836
-760.192;-6.121.854
-757.632;-6.110.456
-739.217;-6.154.316
-725.436;-6.110.789
-830.073;-6.107.472
-820.776;-6.138.599
-813.557;-6.152.103
-813.401;-6.138.441
-811.986;-6.128.642
-811.857;-6.127.752
-8.111;-6.128.773
-806.281;-6.128.321
-800.179;-6.181.005
-347.944;-6.287.499
-326.384;-6.151.556
-325.905;-6.160.674
-325.776;-6.159.789
-301.415;-6.169.679
-301.286;-6.168.795
-300.529;-6.169.809
-3.004;-6.168.925
-285.581;-6.187.651
-284.697;-618.778
-394.662;-6.284.959
-381.283;-6.269.211
-646.898;-6.231.087
-623.803;-6.249.624
-623.672;-6.248.711
-570.493;-6.315.813
-541.496;-633.807
-788.971;-6.349.158
-788.826;-634.812
-787.874;-6.348.256
-784.187;-6.374.109
-784.038;-6.373.042
-783.888;-6.371.976
-783.072;-637.318
-781.153;-6.359.436
-780.196;-6.359.573
-745.258;-6.293.604
-742.493;-6.294.004
-741.966;-6.379.838
-73.774;-6.384.784
-71.545;-6.291.934
-709.544;-628.846
-707.234;-6.298.577
-699.199;-6.307.298
-695.321;-6.293.119
-695.187;-6.292.163
-6.78;-6.307.633
-823.092;-6.374.918
-108.906;-6.299.153
-108.778;-629.827
-10.802;-6.299.282
-388.019;-6.335.229
-585.982;-6.391.174
-585.833;-6.390.137
-752.426;-6.453.587
-749.326;-6.388.055
-826.607;-6.407.112
-219.026;-5.692.285
-217.797;-5.689.497
-317.152;-5.708.039
-316.635;-5.708.512
-239.356;-5.719.976
-238.872;-5.716.427
-238.306;-5.716.919
-364.976;-5.708.931
-364.534;-5.709.404
-333.586;-6.839.034
-291.344;-685.716
-364.328;-6.941.972
-431.988;-6.962.153
-238.251;-665.601
-631.638;-6.261.023
-631.237;-6.261.752
-615.346;-6.248.413
-769.925;-624.059
-66.735;-624.478
-767.382;-6.329.618
-81.158;-5.830.746
-812.369;-5.830.957
-657.062;-5.878.325
-657.202;-587.931
-663.898;-5.888.977
-673.138;-5.900.022
-673.651;-5.858.709
-674.295;-5.876.644
-679.503;-5.906.795
-680.459;-589.314
-680.604;-5.894.155
-71.001;-5.906.962
-622.933;-5.833.024
-623.068;-5.833.965
-624.552;-5.818.461
-624.687;-5.819.393
-624.821;-5.820.326
-625.593;-5.819.264
-625.728;-5.820.198
-636.693;-5.844.864
-63.683;-5.845.815
-637.608;-5.844.725
-637.747;-5.845.685
-645.123;-5.852.853
-646.042;-5.852.716
-375.148;-5.719.315
-378.299;-5.716.153
-378.427;-5.717.034
-382.265;-5.717.696
-383.149;-5.717.566
-354.747;-5.826.894
-358.057;-5.824.579
-363.141;-5.827.847
-363.271;-5.828.748
-363.807;-5.838.811
-364.703;-5.838.681
-390.336;-5.843.284
-432.007;-5.831.994
-279.657;-57.034
-284.577;-5.693.616
-286.791;-5.721.313
-28.953;-5.689.605
-28.966;-5.690.495
-303.108;-5.687.287
-306.531;-5.685.874
-306.661;-5.686.764
-310.025;-5.709.811
-310.153;-5.710.694
-316.602;-5.703.658
-324.956;-5.691.917
-356.069;-570.263
-361.405;-5.714.461
-361.533;-5.715.343
-363.197;-5.726.792
-23.081;-5.716.977
-230.939;-5.717.862
-233.566;-569.787
-233.685;-5.788.214
-239.022;-5.785.884
-239.149;-5.786.765
-241.041;-5.749.121
-241.917;-5.780.972
-242.045;-5.781.851
-246.897;-5.776.981
-247.025;-577.786
-257.646;-5.736.469
-266.615;-5.810.675
-27.477;-575.935
-280.782;-5.768.679
-288.725;-5.740.818
-297.098;-5.729.147
-297.226;-5.730.027
-306.024;-5.757.713
-307.854;-5.803.137
-308.501;-57.313
-30.898;-5.790.564
-309.499;-5.801.992
-310.032;-5.811.881
-310.161;-5.812.769
-315.166;-5.751.324
-31.605;-5.751.195
-32.158;-5.808.057
-323.904;-5.747.579
-325.016;-5.813.005
-326.821;-5.755.236
-329.623;-5.736.299
-331.135;-5.766.289
-331.194;-5.797.845
-331.322;-5.798.732
-331.928;-5.784.185
-332.056;-5.785.068
-337.655;-5.779.174
-337.911;-5.780.939
-337.994;-5.756.631
-343.751;-5.790.016
-349.447;-5.784.015
-351.026;-5.813.717
-352.852;-5.750.528
-360.465;-5.751.458
-362.477;-5.746.669
-189.915;-5.708.211
-203.487;-5.674.804
-214.082;-5.684.612
-216.801;-569.701
-216.931;-56.979
-217.761;-5.678.562
-21.821;-5.700.446
-261.389;-5.654.628
-267.401;-5.651.889
-267.533;-5.652.796
-289.184;-5.662.224
-232.521;-6.665.992
-244.785;-6.734.347
-855.999;-6.675.945
-265.483;-6.523.832
-268.004;-6.531.134
-279.338;-6.523.235
-279.691;-6.525.733
-286.454;-6.522.226
-30.601;-6.517.544
-34.473;-6.502.166
-345.081;-6.501.619
-345.418;-6.504.094
-732.437;-6.465.535
-726.799;-646.973
-719.083;-6.468.501
-926.832;-6.576.717
-92.585;-6.576.108
-925.188;-6.576.935
-890.788;-6.544.627
-855.789;-6.433.069
-855.461;-6.430.418
-855.267;-6.431.121
-21.065;-58.126
-170.193;-5.851.393
-126.595;-5.798.894
-364.168;-5.898.737
-362.633;-5.849.756
-3.625;-5.848.846
-361.533;-5.893.344
-361.505;-5.886.648
-361.372;-5.885.713
-360.864;-585.654
-360.731;-5.855.622
-359.964;-5.856.671
-359.832;-5.855.756
-353.784;-5.910.588
-353.566;-5.863.863
-350.272;-5.879.423
-348.775;-5.856.151
-344.005;-5.861.141
-343.649;-5.948.899
-343.453;-5.940.895
-342.064;-5.951.144
-339.126;-5.961.243
-338.981;-5.960.244
-337.832;-5.952.295
-33.633;-5.948.482
-336.188;-5.947.497
-334.576;-5.962.925
-334.434;-5.961.925
-334.012;-5.983.302
-333.778;-5.964.062
-333.637;-5.963.061
-333.495;-5.962.062
-333.248;-5.964.811
-328.649;-5.933.328
-316.918;-5.961.609
-315.981;-5.961.742
-30.708;-5.957.623
-295.108;-5.937.959
-29.497;-5.936.991
-280.166;-5.929.585
-265.931;-5.958.511
-820.982;-641.104
-265.714;-5.963.557
-252.921;-593.931
-251.497;-5.942.463
-336.002;-590.856
-311.775;-5.842.685
-308.743;-5.897.951
-308.609;-5.897.017
-308.475;-5.896.083
-307.028;-5.860.571
-306.896;-5.859.663
-305.999;-5.859.794
-300.624;-5.867.731
-291.422;-591.222
-447.164;-5.956.971
-426.716;-5.963.206
-425.767;-5.963.344
-425.623;-596.232
-418.865;-600.301
-417.281;-5.998.862
-41.677;-6.002.213
-416.618;-6.001.141
-415.648;-6.001.281
-415.496;-6.000.211
-413.925;-5.996.083
-413.775;-5.995.018
-408.807;-5.997.482
-407.289;-5.942.478
-400.459;-5.989.534
-390.498;-5.934.007
-371.344;-5.962.382
-363.237;-5.957.027
-388.924;-5.903.619
-386.217;-5.891.429
-385.091;-5.852.164
-380.616;-5.865.577
-380.482;-5.864.655
-376.629;-5.902.163
-368.189;-5.894.298
-368.052;-5.893.357
-367.589;-5.922.622
-364.303;-5.899.683
-645.096;-6.004.531
-644.617;-6.001.061
-641.038;-6.011.591
-640.403;-5.999.872
-640.239;-5.998.716
-639.402;-6.000.002
-639.239;-5.998.849
-636.887;-6.003.901
-63.386;-6.041.189
-58.334;-6.001.177
-547.029;-6.019.184
-526.572;-6.011.747
-523.698;-601.396
-522.867;-6.015.228
-522.706;-6.014.101
-520.048;-6.016.782
-519.889;-6.015.652
-515.616;-6.021.431
-515.454;-6.020.301
-511.632;-6.021.994
-511.472;-6.020.859
-508.693;-6.015.498
-508.536;-6.014.375
-508.487;-6.021.286
-507.546;-6.014.518
-677.086;-5.910.285
-67.124;-5.913.883
-670.578;-5.916.084
-670.287;-5.914.012
-667.527;-5.908.126
-666.579;-5.908.263
-725.144;-5.977.142
-724.987;-5.976.005
-718.082;-599.293
-708.945;-5.978.326
-705.759;-5.941.493
-700.794;-5.978.959
-698.011;-5.928.426
-697.048;-592.856
-694.136;-6.003.997
-693.972;-6.002.824
-693.041;-5.945.066
-69.299;-5.966.356
-687.365;-5.948.637
-684.145;-5.946.888
-681.602;-598.057
-679.152;-5.956.035
-678.175;-5.956.173
-678.021;-5.955.079
-672.017;-6.014.368
-669.378;-59.658
-668.682;-5.932.882
-667.721;-5.933.021
-667.602;-5.946.077
-665.948;-5.934.354
-664.986;-5.934.493
-664.025;-5.934.634
-66.401;-5.964.995
-663.582;-593.147
-659.132;-5.987.853
-656.026;-5.980.256
-654.559;-6.006.091
-650.787;-6.001.361
-869.407;-601.659
-864.953;-6.051.043
-864.771;-6.049.698
-178.006;-5.994.465
-172.444;-603.336
-135.678;-6.027.388
-134.879;-6.028.564
-13.473;-6.027.536
-130.642;-6.026.056
-13.028;-6.026.661
-130.132;-6.025.654
-346.415;-6.011.726
-34.171;-5.999.479
-314.296;-6.072.829
-281.691;-5.986.539
-257.505;-599.085
-250.274;-6.068.995
-462.763;-6.081.816
-461.168;-6.083.926
-461.039;-6.084.562
-46.099;-6.082.701
-46.087;-6.083.334
-460.136;-6.084.072
-45.996;-6.082.849
-390.491;-6.040.868
-390.468;-6.040.311
-390.327;-6.039.746
-388.472;-6.055.026
-365.679;-6.045.628
-646.844;-6.143.241
-573.561;-6.169.183
-57.347;-6.168.693
-573.352;-6.167.717
-788.048;-617.872
-773.432;-616.237
-773.216;-6.160.802
-771.553;-6.165.858
-771.339;-616.428
-770.396;-6.166.015
-770.183;-6.164.441
-769.027;-6.164.599
-763.747;-6.167.616
-763.532;-6.166.045
-760.966;-6.130.669
-749.739;-612.378
-748.824;-6.125.388
-748.623;-6.123.932
-741.792;-6.149.746
-42.549;-5.970.475
-4.251;-5.968.013
-424.509;-5.999.982
-424.014;-6.000.602
-646.117;-5.997.315
-73.263;-599.465
-65.145;-6.005.096
-651.113;-6.003.006
-355.122;-6.090.413
-79.541;-6.121.181
-794.762;-6.121.865
-820.674;-6.119.097
-647.167;-6.231.525
-780.089;-6.333.754
-779.092;-6.333.909
-778.918;-6.332.765
-75.402;-6.330.825
-749.306;-6.287.429
-749.113;-6.286.195
-701.086;-6.273.516
-680.859;-6.308.204
-674.019;-6.256.897
-810.596;-63.91
-791.978;-6.350.861
-852.631;-6.405.338
-650.457;-6.430.087
-595.795;-6.483.385
-593.773;-645.056
-752.367;-6.499.674
-745.805;-6.390.268
-743.031;-6.425.546
-735.306;-646.496
-735.159;-6.463.974
-727.244;-646.685
-678.758;-6.434.537
-6.786;-6.433.507
-67.765;-6.433.651
-677.492;-6.432.622
-677.186;-6.433.245
-677.033;-6.432.215
-668.501;-6.437.357
-668.348;-643.632
-879.299;-6.418.046
-838.713;-6.409.791
-83.478;-6.409.354
-834.625;-640.833
-831.631;-6.407.747
-826.119;-6.407.159
-8.217;-6.409.947
-915.845;-6.569.287
-933.648;-655.247
-768.788;-7.009.515
-363.073;-694.184
-738.991;-7.284.128
-738.734;-7.282.219
-732.678;-7.284.988
-732.433;-7.283.087
-732.306;-7.283.796
-732.087;-7.291.648
-731.826;-7.289.717
-730.818;-7.291.814
-730.558;-7.289.882
-725.814;-7.302.885
-725.729;-730.241
-717.892;-726.346
-717.646;-7.261.639
-714.311;-7.305.152
-71.415;-7.273.343
-694.735;-7.178.287
-693.495;-7.152.184
-689.298;-7.179.527
-346.859;-6.507.214
-33.073;-6.542.749
-330.585;-6.541.759
-324.317;-652.533
-383.432;-6.511.748
-372.424;-6.505.672
-370.297;-6.517.403
-636.182;-6.525.357
-730.076;-6.680.623
-91.722;-6.591.044
-916.416;-6.610.307
-867.679;-6.701.273
-867.549;-6.700.372
-843.043;-6.696.606
-842.284;-6.697.634
-934.039;-6.649.908
-91.735;-6.591.937
-889.574;-6.591.618
-866.789;-6.701.404
-86.666;-6.700.504
-843.172;-6.697.504
-956.681;-6.672.781
-956.552;-6.671.881
-954.629;-6.664.821
-953.742;-6.664.953
-942.463;-6.715.005
-262.414;-6.687.753
-491.295;-670.023
-472.511;-6.697.913
-491.665;-6.696.571
-491.537;-6.695.688
-47.264;-6.698.795
-615.732;-6.782.645
-905.927;-6.736.516
-881.357;-6.738.523
-881.207;-6.763.754
-881.073;-6.762.821
-876.549;-6.763.482
-875.645;-6.763.614
-854.714;-6.733.084
-836.926;-6.724.852
-883.677;-6.741.937
-876.417;-6.762.549
-875.513;-6.762.682
-873.889;-6.770.165
-873.117;-6.771.237
-854.584;-6.732.172
-803.959;-6.127.702
-77.492;-6.119.936
-757.203;-6.123.382
-470.729;-6.080.019
-796.742;-6.122.844
-757.979;-6.122.874
-77.569;-6.119.413
-797.467;-6.122.316
-470.352;-6.077.937
-470.362;-6.077.254
-172.508;-6.093.398
-182.683;-6.004.798
-222.173;-568.415
-221.992;-5.682.924
-221.137;-5.684.305
-220.956;-5.683.066
-334.985;-5.754.721
-330.128;-5.809.232
-301.795;-5.740.132
-286.432;-5.720.664
-649.186;-5.841.576
-848.206;-6.724.818
-950.241;-6.711.175
-944.188;-6.707.536
-937.694;-677.582
-937.267;-6.774.642
-871.878;-6.424.924
-871.731;-6.423.879
-858.583;-6.423.135
-858.438;-6.422.095
-85.763;-642.327
-857.486;-6.422.231
-855.054;-6.404.752
-854.912;-6.403.735
-852.526;-6.418.309
-811.253;-6.144.206
-793.132;-6.363.873
-792.997;-6.362.912
-773.098;-6.154.217
-765.849;-6.154.945
-764.963;-6.155.077
-753.038;-7.013.646
-752.691;-7.010.941
-752.592;-7.011.668
-744.471;-6.047.718
-733.934;-5.966.112
-729.958;-6.424.992
-724.482;-595.233
-709.775;-5.976.986
-696.139;-5.927.874
-683.221;-5.923.795
-677.815;-5.935.294
-677.005;-5.936.518
-671.423;-5.934.727
-671.261;-5.933.638
-652.296;-600.457
-650.999;-5.841.254
-64.662;-6.141.469
-637.542;-6.000.274
-636.754;-6.001.426
-636.599;-6.000.412
-586.903;-616.143
-550.615;-6.042.085
-479.894;-6.701.523
-429.732;-6.964.394
-426.117;-595.182
-3.427;-6.913.092
-294.645;-6.505.325
-272.581;-651.985
-236.665;-6.526.452
-0.3623;-6.977.326
-0.3651;-6.979.231
-26.025;-5.757.356
-237.749;-5.797.229
-221.916;-5.689.975
-393.486;-571.039
-877.433;-6.763.238
-845.233;-6.697.552
-844.108;-6.697.739
-760.304;-7.054.647
-760.163;-7.053.706
-750.535;-6.345.724
-749.228;-6.375.303
-739.036;-7.262.003
-738.908;-7.261.111
-735.498;-7.268.916
-735.369;-7.268.021
-732.163;-7.245.728
-732.035;-7.244.839
-731.012;-7.245.651
-730.883;-7.244.763
-722.376;-7.249.311
-69.729;-7.159.408
-691.633;-7.177.211
-917.049;-6.539.775
-909.454;-656.482
-340.258;-6.495.684
-339.964;-6.493.628
-91.017;-6.605.502
-909.774;-6.602.338
-907.045;-6.593.163
-950.226;-6.575.613
-957.264;-6.665.784
-956.818;-666.221
-956.151;-6.665.487
-955.336;-6.672.963
-954.842;-6.673.451
-946.378;-6.709.937
-945.403;-671.359
-944.947;-6.709.711
-492.819;-6.694.128
-897.419;-6.751.411
-897.348;-6.751.788
-222.947;-5.685.187
-219.986;-5.677.797
-326.838;-5.701.324
-293.233;-569.299
-280.805;-5.715.006
-272.095;-5.705.528
-257.605;-5.713.649
-647.335;-584.356
-62.738;-5.826.672
-662.665;-5.873.098
-662.534;-5.872.182
-439.915;-5.952.427
-745.608;-6.041.233
-470.586;-6.077.501
-410.601;-6.239.969
-7.866;-6.345.868
-786.348;-6.343.999
-781.138;-6.333.411
-760.198;-627.208
-389.289;-6.424.799
-359.696;-6.438.924
-749.227;-6.497.629
-930.485;-6.744.857
-347.054;-660.426
-345.165;-6.604.537
-303.769;-6.547.447
-303.607;-6.546.343
-303.586;-6.559.757
-303.424;-6.558.664
-295.398;-6.545.858
-385.611;-6.511.826
-844.075;-6.696.919
-923.664;-659.114
-915.756;-6.732.191
-851.492;-6.715.137
-967.331;-6.706.232
-967.202;-6.705.341
-966.447;-6.706.365
-956.621;-666.463
-949.992;-6.733.421
-949.862;-6.732.527
-948.091;-6.732.791
-948.051;-6.706.697
-947.208;-6.657.559
-946.109;-6.706.664
-94.598;-6.705.772
-945.434;-6.657.827
-944.621;-6.715.082
-944.492;-6.714.191
-944.251;-6.674.465
-967.461;-6.707.124
-948.547;-6.703.891
-947.962;-6.731.899
-946.239;-6.707.555
-945.743;-6.710.361
-711.433;-7.315.386
-944.751;-6.715.974
-943.822;-6.703.365
-95.816;-6.668.968
-957.275;-6.669.102
-94.579;-6.678.796
-941.624;-6.656.572
-941.492;-6.655.676
-293.116;-6.694.939
-273.553;-6.706.375
-268.482;-6.722.247
-264.696;-6.702.921
-492.053;-6.693.072
-449.529;-6.654.534
-449.391;-6.653.593
-736.715;-6.801.608
-742.249;-682.735
-653.788;-6.827.543
-943.607;-6.759.718
-938.135;-6.753.197
-92.815;-6.812.329
-920.416;-6.815.904
-915.636;-6.795.163
-915.445;-6.768.447
-9.15;-6.733.215
-914.871;-6.732.323
-910.074;-6.750.027
-906.972;-6.774.023
-906.842;-6.773.124
-905.597;-678.343
-890.372;-6.735.045
-886.425;-6.778.288
-882.714;-6.772.068
-877.596;-6.755.468
-816.144;-6.731.947
-836.121;-6.754.977
-904.764;-6.835.448
-901.118;-6.771.793
-901.052;-6.835.693
-900.918;-6.834.766
-899.436;-6.850.208
-896.737;-6.857.304
-896.605;-6.856.363
-896.585;-6.849.661
-896.453;-6.848.725
-89.568;-6.849.795
-895.285;-6.846.991
-895.153;-6.846.055
-89.438;-6.847.123
-89.433;-6.859.168
-893.857;-6.868.879
-893.153;-6.857.415
-892.543;-6.866.173
-891.414;-6.877.976
-890.901;-6.880.981
-890.744;-6.873.209
-890.243;-6.734.155
-889.965;-6.874.294
-889.831;-6.873.343
-889.763;-6.853.117
-889.698;-6.872.393
-888.692;-687.806
-886.296;-677.739
-882.843;-6.772.964
-880.291;-6.767.852
-877.467;-6.754.575
-876.581;-6.754.707
-876.113;-67.703
-860.688;-6.817.794
-855.658;-6.756.317
-934.605;-6.767.146
-930.355;-6.743.962
-926.112;-6.766.293
-925.953;-6.803.304
-922.542;-6.760.402
-921.856;-6.826.036
-918.278;-6.781.826
-918.149;-6.780.923
-916.658;-6.738.435
-91.653;-6.737.542
-916.399;-6.794.123
-915.857;-6.836.097
-915.724;-6.835.168
-915.506;-6.794.255
-915.316;-6.767.549
-915.064;-683.053
-914.954;-683.623
-914.932;-6.829.604
-913.242;-6.824.193
-913.111;-682.327
-912.755;-6.833.709
-910.559;-6.831.194
-878.468;-6.865.015
-878.336;-6.864.071
-915.615;-6.840.886
-893.992;-6.869.827
-892.677;-686.712
-890.767;-6.880.023
-888.147;-6.874.251
-888.011;-6.873.301
-883.418;-6.867.194
-955.389;-6.751.237
-95.526;-675.034
-730.363;-6.060.076
-767.739;-6.350.666
-740.301;-6.384.365
-670.073;-6.286.894
-671.377;-6.436.587
-670.375;-6.436.742
-918.481;-6.537.928
-899.249;-6.570.061
-87.794;-6.418.946
-877.766;-6.417.832
-876.957;-6.419.101
-87.665;-6.418.678
-918.337;-6.536.967
-939.831;-6.551.014
-93.969;-6.550.066
-351.167;-6.890.794
-350.162;-6.896.382
-353.957;-6.891.293
-351.295;-6.891.681
-350.677;-6.899.942
-350.548;-6.899.051
-340.977;-6.845.423
-337.867;-6.837.465
-333.823;-6.834.466
-331.555;-6.857.905
-331.121;-6.809.699
-279.113;-6.769.753
-768.378;-6.993.306
-768.233;-6.992.259
-749.542;-699.721
-692.855;-6.979.665
-689.314;-6.978.686
-686.319;-6.991.505
-686.177;-6.990.489
-680.979;-6.978.496
-78.348;-7.000.151
-769.333;-6.993.169
-744.616;-6.999.538
-687.435;-6.978.954
-687.264;-6.991.372
-889.377;-6.882.841
-884.931;-6.884.467
-882.181;-6.884.872
-872.599;-6.894.353
-872.461;-6.893.387
0.29322;-6.977.109
-322.695;-6.923.812
-430.049;-6.964.014
-380.606;-6.947.814
-370.674;-6.948.883
-405.099;-695.743
-404.966;-6.956.503
-370.542;-6.947.969
-737.104;-70.12
-667.329;-7.011.861
-667.477;-7.012.899
-742.249;-7.273.386
-742.094;-7.274.342
-741.881;-7.272.736
-733.233;-725.065
-732.234;-7.183.697
-732.155;-7.283.526
-731.932;-7.281.911
-730.316;-7.278.837
-713.201;-5.973.259
-712.906;-5.971.131
-712.865;-597.262
-712.585;-5.970.479
-70.771;-5.982.716
-707.633;-6.002.987
-707.418;-5.980.519
-680.365;-586.501
-662.468;-629.324
-65.493;-5.890.075
-654.398;-5.888.822
-649.745;-6.141.744
-513.416;-6.033.354
-489.382;-6.235.566
-488.944;-6.232.389
-42.771;-599.917
-42.745;-5.968.971
-426.419;-5.999.346
-419.492;-5.996.944
-398.689;-5.923.281
-386.982;-6.359.029
-386.681;-635.949
-369.248;-5.709.047
-369.078;-5.707.861
-35.042;-6.036.186
-323.687;-6.086.382
-322.114;-5.679.612
-32.202;-5.680.278
-321.856;-5.679.157
-240.537;-5.789.301
-240.722;-5.790.591
-241.777;-5.790.435
-281.206;-5.716.426
-264.898;-5.651.656
-261.689;-5.652.775
-264.747;-56.506
-349.966;-6.274.951
-924.762;-6.820.795
-916.335;-682.599
-916.108;-6.824.236
-91.563;-6.824.992
-907.746;-6.784.843
-90.745;-6.847.939
-881.409;-6.890.182
-857.724;-6.745.497
-848.025;-6.715.832
-805.416;-615.953
-804.517;-6.159.668
-786.677;-6.372.998
-776.961;-6.999.496
-767.552;-7.008.455
-767.255;-7.006.164
-766.935;-7.009.031
-766.621;-7.006.739
-766.179;-7.008.643
-765.884;-7.006.348
-248.673;-6.599.229
-760.778;-6.270.777
-756.325;-6.991.913
-73.624;-7.288.937
-735.851;-7.289.747
-735.773;-7.285.127
-735.359;-7.285.941
-735.136;-632.166
-734.819;-6.494.733
-729.632;-6.464.602
-729.539;-6.315.881
-727.542;-7.306.516
-70.118;-6.298.352
-700.425;-6.299.368
-700.297;-6.298.484
-699.155;-6.296.845
-696.521;-6.303.563
-696.392;-6.302.678
-684.069;-6.307.546
-683.185;-6.307.677
-68.169;-6.316.033
-676.237;-6.266.183
-669.702;-6.285.026
-667.456;-6.294.399
-252.207;-659.315
-665.056;-6.316.103
-664.927;-6.315.218
-64.915;-6.002.209
-639.623;-5.999.662
-593.244;-599.831
-593.073;-5.997.162
-592.901;-5.996.014
-574.821;-6.317.518
-572.177;-6.870.176
-571.942;-686.852
-57.165;-686.957
-571.429;-6.867.911
-552.757;-6.104.751
-451.502;-6.194.098
-43.106;-6.344.009
-415.501;-651.675
-413.285;-634.246
-413.157;-6.341.579
-409.681;-6.304.512
-40.955;-6.303.623
-39.711;-6.497.755
-396.206;-6.497.886
-391.551;-6.497.617
-390.229;-6.368.399
-390.101;-6.367.519
-390.061;-6.500.375
-389.926;-6.499.448
-389.602;-6.370.288
-389.474;-6.369.408
-389.102;-6.373.056
-386.287;-6.353.702
-386.231;-639.056
-386.159;-6.352.822
-385.219;-6.389.808
-378.846;-6.238.977
-375.084;-6.466.714
-374.953;-6.465.809
-37.456;-6.463.101
-373.295;-6.466.974
-372.642;-646.246
-371.749;-6.462.592
-371.618;-6.461.688
-370.951;-6.450.775
-370.822;-6.449.879
-370.044;-6.444.508
-369.284;-6.445.533
-369.154;-6.444.639
-368.536;-6.452.957
-367.674;-6.542.819
-367.645;-6.453.087
-367.623;-6.536.021
-367.536;-6.541.865
-367.486;-6.535.074
-366.064;-6.423.281
-362.873;-6.528.987
-362.737;-6.528.043
-359.896;-6.444.804
-358.491;-6.441.363
-358.362;-6.440.472
-358.233;-6.439.581
-357.602;-6.441.494
-357.473;-6.440.601
-356.985;-6.526.653
-356.609;-6.213.048
-356.267;-6.641.692
-35.437;-6.502.333
-353.965;-646.088
-353.835;-6.459.981
-352.531;-6.521.556
-352.397;-6.520.625
-35.218;-6.461.141
-351.316;-6.474.159
-351.304;-6.481.295
-351.108;-6.898.905
-350.539;-6.482.333
-350.407;-6.481.425
-349.625;-6.629.733
-348.721;-6.476.115
-348.589;-6.475.209
-348.121;-6.605.759
-346.798;-6.475.469
-346.772;-6.507.208
-34.664;-6.506.287
-346.516;-6.467.212
-345.994;-6.463.612
-345.954;-6.450.804
-345.903;-6.475.601
-345.863;-6.462.713
-344.391;-648.416
-341.627;-6.261.931
-340.729;-6.262.063
-335.831;-646.934
-330.739;-6.536.082
-330.602;-653.514
-329.917;-6.530.438
-329.781;-6.529.503
-329.008;-6.530.576
-328.872;-6.529.638
-32.715;-6.492.537
-325.469;-6.487.202
-325.338;-6.486.294
-324.558;-6.480.855
-324.428;-6.479.949
-322.955;-6.514.337
-321.711;-649.296
-320.528;-6.484.784
-319.659;-6.517.368
-317.982;-6.082.238
-312.012;-6.147.194
-310.604;-6.095.227
-308.681;-6.170.287
-306.172;-6.506.709
-306.039;-6.505.795
-305.652;-6.167.335
-305.271;-6.506.843
-305.138;-6.505.927
-303.778;-6.167.614
-302.061;-6.510.121
-30.193;-6.509.203
-300.017;-65.092
-297.808;-6.556.842
-296.069;-6.520.121
-295.007;-6.512.746
-29.464;-6.554.381
-287.571;-6.189.408
-287.428;-618.843
-281.801;-6.762.276
-281.443;-6.761.678
-102.471;-6.285.921
-0.93933;-6.296.902
-0.08405;-6.705.467
-384.006;-5.718.108
-383.961;-5.717.641
-142.849;-5.788.085
-142.162;-579.397
-140.877;-5.794.627
-140.656;-5.794.197
-37.196;-5.719.456
-15.956;-6.014.548
-162.665;-6.035.913
-162.795;-6.036.808
-176.324;-6.015.395
-179.587;-5.992.598
-179.714;-599.348
-372.163;-5.714.461
-377.438;-5.830.829
-381.543;-5.796.506
-381.678;-5.797.416
-390.759;-571.541
-397.095;-5.758.168
-402.312;-5.762.143
-405.327;-6.226.588
-490.063;-6.023.063
-490.196;-6.023.993
-545.172;-601.522
-5.929;-6.000.423
-709.409;-5.977.537
-71.801;-5.934.551
-371.241;-5.833.324
-370.601;-5.716.684
-369.384;-5.714.877
-369.238;-5.713.905
-368.798;-571.097
-368.651;-5.709.989
-36.813;-5.710.635
-367.987;-5.709.654
-367.881;-5.822.837
-36.613;-570.994
-365.043;-5.841.188
-361.325;-6.529.688
-361.061;-6.527.809
-360.469;-5.840.953
-354.765;-5.783.573
-354.629;-5.782.653
-352.119;-5.791.197
-34.604;-5.787.405
-345.052;-5.691.995
-344.906;-56.91
-341.139;-5.834.999
-336.175;-5.827.226
-328.332;-58.814
-324.951;-5.719.542
-316.599;-5.749.629
-311.925;-5.932.646
-311.564;-570.866
-306.166;-5.925.086
-286.026;-5.836.736
-280.703;-583.266
-280.571;-5.831.757
-27.981;-5.832.794
-279.678;-5.831.893
-275.108;-570.164
-274.957;-570.063
-269.012;-5.662.959
-264.571;-6.687.028
-255.313;-580.415
-25.441;-5.804.283
-241.368;-6.662.381
-668.214;-701.282
-669.495;-7.003.351
-69.336;-6.995.779
-68.102;-6.986.617
-681.155;-6.987.553
-901.911;-6.772.169
-908.882;-6.776.584
-910.391;-6.774.537
-910.521;-6.775.427
-857.052;-675.651
-909.636;-6.775.561
-909.766;-6.776.451
-939.898;-6.754.871
-944.343;-6.660.105
-95.133;-6.731.778
-951.463;-6.732.675
-952.217;-6.731.643
-944.482;-6.661.036
-849.021;-671.442
-870.102;-6.657.302
-870.243;-6.658.244
-873.005;-6.701.416
-873.765;-6.700.365
-873.901;-6.701.279
-883.375;-6.653.719
-90.225;-6.606.678
-260.524;-5.648.819
-144.729;-5.792.664
-144.572;-5.791.568
-342.693;-5.725.298
-342.539;-5.724.235
-234.137;-5.702.148
-22.573;-5.681.718
-300.382;-5.681.216
-300.236;-5.680.215
-296.704;-5.675.644
-295.913;-5.676.778
-292.593;-5.680.302
-285.484;-5.688.009
-282.721;-5.693.175
-278.877;-569.993
-589.267;-6.025.465
-679.611;-5.997.396
-207.815;-5.976.933
-590.598;-61.744
-590.255;-6.175.142
-58.991;-6.172.635
-785.469;-6.179.353
-774.672;-6.110.315
-762.096;-6.095.691
-649.781;-6.142.619
-788.179;-6.373.663
-684.583;-630.895
-750.396;-6.377.174
-750.635;-6.376.753
-687.035;-6.307.913
-787.963;-6.374.058
-687.474;-6.311.277
-705.008;-6.274.035
-368.538;-6.447.146
-731.113;-7.284.262
-3.461;-645.077
-346.228;-6.451.649
-729.596;-5.964.124
-711.066;-5.977.628
-681.752;-6.013.123
-65.286;-6.005.531
-452.135;-6.114.259
-413.207;-6.094.104
-569.033;-6.081.368
-564.139;-6.116.039
-555.166;-6.077.638
-525.892;-6.054.143
-788.332;-6.163.879
-429.711;-6.309.309
-750.045;-6.360.801
-749.916;-6.359.915
-7.494;-635.637
-749.271;-6.355.484
-722.099;-6.314.439
-707.214;-6.307.832
-704.783;-6.272.508
-70.135;-6.305.042
-70.046;-6.305.175
-73.183;-7.284.547
-346.982;-6.450.641
-669.202;-7.012.307
-367.655;-6.447.276
-0.77165;-6.288.884
-0.77961;-6.287.739
-0.78106;-6.288.745
0.10692;-6.255.442
-866.054;-6.429.307
-866.184;-6.430.214
-751.345;-6.497.697
-367.507;-6.419.679
-36.841;-6.446.267
0.86368;-6.503.989
0.8624;-6.504.871
0.85484;-650.386
0.85356;-6.504.742
-203.586;-6.524.191
-343.137;-6.456.264
-342.255;-6.456.394
-352.455;-6.475.874
-352.327;-6.474.994
-351.583;-6.482.294
-351.455;-6.481.413
-344.696;-6.479.383
-338.874;-6.490.778
-33.799;-6.490.908
-337.861;-6.490.027
-332.675;-6.485.389
-326.431;-6.486.874
-326.175;-6.485.114
-326.047;-6.484.234
-324.781;-6.481.724
-323.919;-6.494.439
-322.386;-6.483.871
-307.409;-6.495.375
-304.626;-650.904
-301.587;-6.506.782
-177.751;-6.651.129
-271.473;-6.707.269
-468.207;-6.745.719
-468.072;-6.743.916
-468.044;-6.744.592
-28.649;-5.667.521
-271.541;-5.663.864
-223.244;-5.682.738
-202.134;-5.710.681
-366.897;-5.701.514
-347.787;-5.692.368
-347.576;-5.693.935
-347.277;-5.691.751
-335.507;-5.699.107
-335.193;-5.696.892
-332.064;-5.704.165
-319.714;-5.707.069
-311.998;-5.801.821
-311.872;-5.759.882
-311.622;-5.799.149
-311.198;-5.751.987
-310.862;-5.749.559
-310.853;-5.783.221
-310.801;-575.253
-310.445;-5.750.092
-299.408;-5.788.192
-291.419;-5.741.231
-290.572;-573.941
-282.347;-5.736.502
-280.978;-5.727.231
-280.622;-5.728.932
-2.803;-5.726.625
-264.077;-5.674.565
-263.761;-5.674.102
-253.264;-5.784.479
-251.214;-5.749.829
-240.747;-5.792.085
-240.744;-5.712.378
-240.394;-578.952
-240.256;-5.711.782
-240.161;-5.790.063
-236.816;-5.696.802
-235.851;-5.697.592
-230.366;-5.687.593
-230.069;-5.685.498
-227.481;-5.684.255
-36.697;-5.825.051
-366.847;-5.824.355
-360.471;-5.832.252
-360.235;-583.184
-365.187;-5.759.026
-633.482;-5.832.851
-690.423;-5.895.824
-689.945;-5.892.139
-342.233;-5.853.904
-341.865;-5.853.525
-319.776;-5.877.473
-30.918;-5.911.715
-441.817;-5.975.817
-441.489;-5.976.596
-393.988;-5.914.538
-376.388;-5.962.074
-375.947;-596.253
-375.894;-5.958.419
-375.428;-5.958.875
-722.653;-5.949.306
-745.554;-6.447.375
-73.456;-7.280.833
-734.426;-7.279.924
-692.266;-7.150.502
0.18001;-5.943.032
0.171;-59.429
-894.511;-6.428.339
-821.154;-6.409.711
-816.716;-6.137.155
-804.319;-6.173.692
-782.619;-6.695.245
-782.491;-6.695.734
-765.901;-6.161.955
-742.703;-6.061.322
-730.321;-60.711
-728.567;-6.110.498
-728.426;-6.109.512
-715.691;-5.963.015
-711.331;-593.916
-70.852;-5.926.011
-707.636;-5.926.141
-706.013;-5.933.614
-705.885;-5.932.729
-70.513;-5.933.744
-705.001;-5.932.859
-699.286;-5.932.552
-690.357;-5.979.544
-689.479;-5.921.924
-686.717;-5.941.965
-685.833;-5.942.095
-682.421;-5.885.898
-682.043;-6.010.697
-676.162;-5.912.818
-676.033;-5.911.934
-668.685;-628.618
-6.679;-587.568
-667.552;-6.000.236
-667.312;-6.004.863
-666.688;-5.949.763
-66.656;-5.948.878
-666.551;-6.005.894
-666.421;-6.004.994
-666.291;-6.004.094
-662.728;-6.004.616
-662.598;-6.003.714
-653.476;-6.004.786
-653.412;-584.007
-649.923;-6.005.885
-559.571;-6.025.209
-529.725;-6.016.845
-529.596;-6.015.953
-528.967;-6.017.866
-528.838;-6.016.975
-528.709;-6.016.084
-528.079;-6.017.996
-52.795;-6.017.104
-527.821;-6.016.213
-525.158;-6.016.604
-462.249;-5.990.286
-451.957;-5.956.725
-451.829;-5.955.844
-451.557;-6.114.118
-441.696;-5.994.526
-440.674;-5.955.443
-429.418;-5.998.776
-428.907;-5.995.252
-428.779;-5.994.371
-419.497;-5.987.319
-418.614;-5.987.449
-415.043;-5.989.521
-414.672;-599.317
-414.544;-599.229
-403.184;-5.939.092
-403.054;-5.938.207
-402.299;-5.939.222
-402.169;-5.938.338
-401.818;-5.974.067
-401.459;-5.984.001
-401.332;-5.983.121
-401.204;-5.982.242
-398.788;-5.915.273
-398.657;-5.914.383
-395.757;-5.926.279
-395.628;-5.925.392
-393.052;-591.396
-377.473;-5.852.099
-377.338;-5.851.174
-376.568;-5.852.231
-376.433;-5.851.306
-374.417;-6.129.243
-372.783;-5.895.308
-372.124;-5.890.797
-37.198;-5.959.666
-37.189;-589.544
-371.851;-5.958.784
-371.758;-5.894.538
-371.645;-6.014.186
-371.623;-6.103.314
-371.492;-6.102.403
-370.975;-6.194.408
-370.833;-6.193.422
-37.048;-6.108.146
-369.329;-5.916.623
-3.692;-5.915.731
-365.043;-5.893.428
-364.336;-5.907.312
-362.321;-5.912.181
-36.219;-5.911.287
-361.916;-6.432.738
-361.139;-5.941.982
-357.754;-5.769.666
-357.184;-5.769.304
-355.776;-5.785.783
-355.212;-5.762.386
-353.191;-5.957.357
-350.698;-5.845.916
-34.841;-6.483.532
-348.316;-6.475.391
-34.824;-647.441
-348.191;-6.482.023
-347.657;-5.894.454
-346.617;-5.750.106
-346.313;-5.941.219
-344.862;-6.474.898
-342.051;-5.925.168
-340.862;-6.470.947
-340.657;-6.469.481
-337.938;-5.954.514
-337.134;-5.755.345
-336.979;-5.754.317
-336.799;-5.755.959
-336.649;-5.754.929
-336.169;-5.954.774
-332.695;-5.823.795
-330.576;-5.822.155
-330.435;-5.821.199
-323.295;-6.517.334
-323.068;-6.515.744
-319.353;-578.251
-319.207;-5.781.511
-314.065;-6.493.365
-310.593;-5.749.496
-309.868;-6.526.917
-309.711;-6.527.924
-309.613;-6.807.413
-309.489;-6.526.313
-308.702;-652.709
-308.087;-6.155.184
-307.404;-5.927.617
-307.273;-5.926.722
-307.212;-591.393
-304.342;-574.363
-303.427;-6.167.002
-3.016;-6.148.103
-299.245;-6.144.647
-29.911;-6.143.721
-296.475;-6.556.155
-296.242;-6.554.482
-296.094;-6.527.773
-295.866;-6.526.177
-29.563;-6.555.243
-29.528;-6.556.318
-295.048;-6.554.639
-29.468;-655.708
-294.437;-6.555.405
-291.098;-6.540.696
-289.934;-5.694.186
-28.857;-5.768.369
-288.419;-5.767.348
-28.563;-5.721.496
-285.555;-5.797.109
-28.541;-579.612
-283.883;-5.756.443
-283.728;-5.755.405
-274.406;-5.747.736
-273.445;-5.747.878
-273.131;-5.745.773
-272.169;-5.745.916
-262.716;-5.780.252
-261.373;-5.948.074
-256.609;-5.775.589
-256.255;-5.812.418
-253.325;-5.675.755
-249.615;-5.754.414
-248.655;-5.754.557
-246.657;-6.106.923
-244.141;-5.836.238
-236.486;-6.642.851
-164.476;-6.004.166
-165.232;-6.003.158
-175.321;-6.072.543
-344.738;-574.882
-336.407;-5.754.677
-336.264;-5.753.671
-280.404;-56.853
-315.215;-5.683.121
-235.938;-5.651.852
-236.831;-5.651.722
-249.647;-5.656.941
-249.777;-5.657.847
-260.576;-5.650.152
-277.987;-5.655.646
-232.133;-5.715.065
-22.434;-5.680.165
-206.049;-5.687.411
-205.915;-5.686.493
-333.678;-5.823.536
-28.131;-5.685.167
-223.334;-6.007.887
-33.352;-5.822.441
-177.452;-622.308
-315.443;-5.678.334
-205.014;-5.686.623
-314.148;-5.802.329
-281.855;-5.720.258
-329.714;-5.700.917
-361.083;-5.744.782
-357.821;-5.769.019
-282.774;-5.720.122
-287.877;-576.842
-288.022;-5.769.427
-288.818;-5.768.285
-289.524;-5.749.311
-341.255;-5.855.009
-313.067;-5.765.066
-290.011;-5.674.746
-290.086;-575.327
-140.937;-5.792.281
-311.549;-5.761.165
-32.408;-5.750.533
-321.662;-5.683.517
-344.879;-574.982
-320.747;-5.767.432
-319.684;-5.753.205
-0.75848;-6.290.422
-315.579;-5.679.264
-27.954;-5.768.235
-279.515;-5.704.126
-26.664;-5.711.479
-265.386;-5.720.944
-258.323;-5.775.609
-253.461;-5.735.083
-252.539;-5.735.218
-252.401;-5.734.254
-249.613;-5.682.781
-249.479;-5.681.861
-248.128;-5.722.718
-246.005;-5.753.586
-245.865;-5.752.606
-243.504;-5.697.462
-241.728;-5.704.381
-307.563;-5.757.186
-306.625;-5.757.318
-303.298;-5.696.968
-302.668;-5.749.772
-301.444;-5.690.532
-377.246;-575.563
-40.226;-5.787.908
-402.107;-5.786.843
-395.337;-5.715.689
-394.782;-5.716.318
-392.505;-5.760.538
-392.362;-5.712.684
-392.361;-5.759.514
-392.221;-5.711.712
-391.912;-576.024
-391.763;-575.922
-241.613;-5.729.499
-241.593;-5.703.446
-241.475;-5.728.535
-238.508;-5.759.347
-238.367;-5.758.365
-235.551;-570.022
-234.644;-5.700.353
-234.231;-5.716.682
-234.095;-5.715.742
-233.958;-5.714.801
-233.046;-5.714.931
-232.269;-5.716.006
-22.354;-6.009.293
-14.236;-6.027.794
-142.567;-6.029.206
-142.921;-6.039.363
-354.697;-597.721
-357.704;-5.982.513
-372.335;-5.900.422
-373.016;-5.897.799
-373.373;-5.900.273
-374.052;-5.897.651
-376.465;-5.894.128
-378.534;-5.893.837
-285.114;-5.926.562
-28.679;-5.925.671
-310.155;-5.908.431
-310.333;-5.909.661
-339.817;-5.922.871
-341.237;-5.925.266
-357.229;-5.873.455
-35.706;-5.872.273
-355.544;-5.868.881
-344.082;-5.925.494
-343.029;-5.925.647
-341.976;-5.925.799
-341.424;-5.926.548
-341.416;-5.856.157
-341.363;-5.855.552
